url,artist,title,year
https://www.youtube.com/watch?v=djV11Xbc914,a-ha,Take On Me,1985
https://www.youtube.com/watch?v=a3ir9HC9vYg,A-ha,The Sun Always Shines on T.V.,1985
https://www.youtube.com/watch?v=DgpW7Tcfa2g,A-ha,The Living Daylights,1987
https://www.youtube.com/watch?v=XEjLoHdbVeE,ABBA,Gimme Gimme Gimme,1979
https://www.youtube.com/watch?v=92cwKCU8Z5c,ABBA,The Winner Takes It All,1980
https://www.youtube.com/watch?v=xFrGuyw1V8s,ABBA,Dancing Queen,1976
https://www.youtube.com/watch?v=unfzfe8f9NI,ABBA,Mamma Mia,1975
https://www.youtube.com/watch?v=Sj_9CiNkkn4,ABBA,Waterloo,1974
https://www.youtube.com/watch?v=0dcbw4IEY5w,ABBA,Thank You for the Music,1978
https://www.youtube.com/watch?v=l482T0yNkeo,AC/DC,Highway to Hell,1979
https://www.youtube.com/watch?v=08DjMT-qR9g,Adele,Chasing Pavements,2007
https://www.youtube.com/watch?v=a2giXO6eyuI,Adele,Set Fire to the Rain,2010
https://www.youtube.com/watch?v=hLQl3WQQoQ0,Adele,Someone Like You,2010
https://www.youtube.com/watch?v=rYEDA3JcQqw,Adele,Rolling in the Deep,2010
https://www.youtube.com/watch?v=YQHsXMglC9A,Adele,Hello,2015
https://www.youtube.com/watch?v=U3ASj1L6_sY,Adele,Easy on Me,2021
https://www.youtube.com/watch?v=89dGC8de0CA,Aerosmith,Dream On,1973
https://www.youtube.com/watch?v=JkK8g6FMEXE,Aerosmith,I Don’t Want to Miss a Thing,1997
https://www.youtube.com/watch?v=wOem06X3uVo,Akcent,Kylie,2005
https://www.youtube.com/watch?v=BwBG_H5oYos,Akurat,Lubię mówić z Tobą,2001
https://www.youtube.com/watch?v=Er7Cd7z--TI,Alchemist Project,Krishna,2006
https://www.youtube.com/watch?v=rVeMiVU77wo,alt-J,Breezeblocks,2012
https://www.youtube.com/watch?v=iRYvuS9OxdA,Amy Macdonald,This Is the Life (BrzydUla),2007
https://www.youtube.com/watch?v=KUmZp8pR1uc,Amy Winehouse,Rehab,2006
https://www.youtube.com/watch?v=TJAfLE39ZZ8,Amy Winehouse,Back to Black,2006
https://www.youtube.com/watch?v=bixuI_GV5I0,Amy Winehouse,Valerie,2007
https://www.youtube.com/watch?v=b-I2s5zRbHg,Amy Winehouse,You Know I’m No Good,2006
https://www.youtube.com/watch?v=KNTTkaIsbZQ,Andrzej Korzyński,Witajcie w naszej bajce (Akademia Pana Kleksa),1984
https://www.youtube.com/watch?v=gVUN-D09jls,Andrzej Piaseczny,Śniadanie do łóżka,2018
https://www.youtube.com/watch?v=a_XzjPjaHl4,Andrzej Rosiewicz,Chłopcy radarowcy,1981
https://www.youtube.com/watch?v=SNn5ZuWS8JQ,Andrzej Zaucha,Byłaś serca biciem,1989
https://www.youtube.com/watch?v=wChFEkCqt5s,Anna Jantar,Tyle słońca w całym mieście,1974
https://www.youtube.com/watch?v=LBmUBMnuU2k,Anna Jantar,Nic nie może wiecznie trwać,1979
https://www.youtube.com/watch?v=K0FhEHQ5zCk,Anna Jurksztowicz,Stan pogody,1987
https://www.youtube.com/watch?v=TmBSku_Q8GU,Anna Jurksztowicz,Na dobre i na złe,2001
https://www.youtube.com/watch?v=Dqzrofdwi-g,Antique,Opa Opa,1999
https://www.youtube.com/watch?v=r7rF2EZ0A_0,Archive,Again,2001
https://www.youtube.com/watch?v=bpOSxM0rNPM,Arctic Monkeys,Do I Wanna Know,2013
https://www.youtube.com/watch?v=ma9I9VBKPiw,Arctic Monkeys,Fluorescent Adolescent,2007
https://www.youtube.com/watch?v=VQH8ZTgna3Q,Arctic Monkeys,R U Mine?,2013
https://www.youtube.com/watch?v=P9yIoSpWWNE,Aretha Franklin,Think,1968
https://www.youtube.com/watch?v=A134hShx_gw,Aretha Franklin,Respect,1967
https://www.youtube.com/watch?v=_ovdm2yX4MA,Avicii,Levels,2011
https://www.youtube.com/watch?v=5y_KJAg8bHI,Avicii,Wake Me Up,2013
https://www.youtube.com/watch?v=6Cp6mKbRTQY,Avicii,Hey Brother,2013
https://www.youtube.com/watch?v=5NPBIwQyPWE,Avril Lavigne,Complicated,2002
https://www.youtube.com/watch?v=TIy3n2b7V9k,Avril Lavigne,Sk8er Boi,2002
https://www.youtube.com/watch?v=6M6samPEMpM,Backstreet Boys,Everybody (Backstreet's Back),1997
https://www.youtube.com/watch?v=4fndeDfaWCg,Backstreet Boys,I Want It That Way,1999
https://www.youtube.com/watch?v=Ug88HO2mg44,Backstreet Boys,Quit playing game (with my heart),2001
https://www.youtube.com/watch?v=Cr8K88UcO0s,Bad Bunny,Tití Me Preguntó,2022
https://www.youtube.com/watch?v=saGYMhApaH8,"Bad Bunny, Chencho Corleone",Me Porto Bonito,2022
https://www.youtube.com/watch?v=TmKh7lAwnBI,"Bad Bunny, Jhay Cortez",Dákiti,2020
https://www.youtube.com/watch?v=Qa_0cuyy_A0,Bajm,Szklanka wody,2000
https://www.youtube.com/watch?v=qTsaS1Tm-Ic,Basshunter,DotA,2006
https://www.youtube.com/watch?v=P3CxhBIrBho,Basshunter,All I Ever Wanted,2008
https://www.youtube.com/watch?v=DxNxHJsTmt8,Beata Kozidrak,Rzeka marzeń,2001
https://www.youtube.com/watch?v=YgSPaXgAdzE,Beck,Loser,1993
https://www.youtube.com/watch?v=XpqqjU7u5Yc,Bee Gees,How Deep Is Your Love,1977
https://www.youtube.com/watch?v=SkypZuY6ZvA,Bee Gees,Night Fever,1977
https://www.youtube.com/watch?v=fNFzfwLM72c,Bee Gees,Stayin’ Alive,1977
https://www.youtube.com/watch?v=a0fkNdPiIL4,Benny Benassi,Satisfaction,2002
https://www.youtube.com/watch?v=kxTyV_cBz7o,Bessie Smith,Nobody Knows You When You're Down and Out,1929
https://www.youtube.com/watch?v=bnVUHWCynig,Beyoncé,Halo,2008
https://www.youtube.com/watch?v=ViwtNLUqkMY,Beyoncé,Crazy in Love,2003
https://www.youtube.com/watch?v=4m1EFMoRFvY,Beyoncé,Single Ladies (Put a Ring on It),2008
https://www.youtube.com/watch?v=yjki-9Pthh0,Beyoncé,Break My Soul,2022
https://www.youtube.com/watch?v=2aYvDuosiWM,Białas,Zosia,2022
https://www.youtube.com/watch?v=jMh00h367o0,Big Cyc,Facet to świnia,2002
https://www.youtube.com/watch?v=eGsreAQepAQ,Big Day,W dzień gorącego lata,1997
https://www.youtube.com/watch?v=DyDfgMOUjCI,Billie Eilish,Bad Guy,2019
https://www.youtube.com/watch?v=EgBJmlPo8Xw,Billie Eilish,Everything I Wanted,2019
https://www.youtube.com/watch?v=cW8VLC9nnTo,Billie Eilish,What Was I Made For?,2023
https://www.youtube.com/watch?v=THflqYOqm3A,Billie Holiday,Summertime,1947
https://www.youtube.com/watch?v=y4bZu56EylA,Billie Holiday,Blue Moon,1952
https://www.youtube.com/watch?v=bKNtP1zOVHw,Billie Holiday,God Bless the Child,1941
https://www.youtube.com/watch?v=gxEPV4kolz0,Billy Joel,Piano Man,1973
https://www.youtube.com/watch?v=hCuMWrfXG4E,Billy Joel,Uptown Girl,1983
https://www.youtube.com/watch?v=v5ryZdpEHqM,Bing Crosby,White Christmas,1959
https://www.youtube.com/watch?v=gGCNfANKQbs,Bing Crosby,Dream a Little Dream of Me,1946
https://www.youtube.com/watch?v=ZaI2IlHwmgQ,Black Eyed Peas,Pump It,2005
https://www.youtube.com/watch?v=WpYeekQkAdc,Black Eyed Peas,Where Is the Love?,2003
https://www.youtube.com/watch?v=uSD4vsh1zDA,Black Eyed Peas,I Gotta Feeling,2009
https://www.youtube.com/watch?v=0qanF-91aJo,Black Sabbath,Paranoid,1970
https://www.youtube.com/watch?v=eP5wNDeGqLk,Blenders,Ciągnik,1996
https://www.youtube.com/watch?v=TsKOUyFldH4,Blenders,Owca,1997
https://www.youtube.com/watch?v=WGU_4-5RaxU,Blondie,Heart of Glass,1978
https://www.youtube.com/watch?v=StKVS0eI85I,Blondie,Call Me,1980
https://www.youtube.com/watch?v=FIXIsYWS8CA,Blondie,One Way or Another,1978
https://www.youtube.com/watch?v=SSbBvKaM6sk,Blur,Song 2,1997
https://www.youtube.com/watch?v=MMFj8uDubsE,Bob Dylan,Blowin' in the Wind,1963
https://www.youtube.com/watch?v=IT8XvzIfi4U,Bob Marley,No Woman No Cry,1975
https://www.youtube.com/watch?v=vx2u5uUu3DE,Bon Jovi,It's My Life,2000
https://www.youtube.com/watch?v=lDK9QqIzhwk,Bon Jovi,Livin’ on a Prayer,1986
https://www.youtube.com/watch?v=9BMwcO6_hyA,Bon Jovi,Always,1985
https://www.youtube.com/watch?v=16y1AkoZkmQ,Boney M.,Rasputin,1978
https://www.youtube.com/watch?v=FYGTT7YhywA,Boney M.,Daddy Cool,1976
https://www.youtube.com/watch?v=f3XcNskAxp0,Boney M.,Ma Baker,1977
https://www.youtube.com/watch?v=lcOxhH8N3Bo,Bonnie Tyler,Total Eclipse of the Heart,1983
https://www.youtube.com/watch?v=SG8B4DT6ud8,Brathanki,Czerwone korale,2000
https://www.youtube.com/watch?v=mv41zHIQIVM,Breakout,"Gdybyś kochał, hej",1969
https://www.youtube.com/watch?v=lWXSUuosxtk,Breakout,Kiedy byłem małym chłopcem,1971
https://www.youtube.com/watch?v=LOZuxwVk7TU,Britney Spears,Toxic,2003
https://www.youtube.com/watch?v=C-u5WLJ9Yk4,Britney Spears,Baby One More Time,1998
https://www.youtube.com/watch?v=D1CjdBPmIzg,BrodkA,Granda,2010
https://www.youtube.com/watch?v=IxuThNgl3YA,Bruce Springsteen,Born to Run,1975
https://www.youtube.com/watch?v=LjhCEhWiKXk,Bruno Mars,Just the Way You Are,2010
https://www.youtube.com/watch?v=OPf0YbXqDm0,Bruno Mars,Uptown Funk,2014
https://www.youtube.com/watch?v=UqyT8IEBkvY,Bruno Mars,24K Magic,2016
https://www.youtube.com/watch?v=gdZLi9oWNZg,BTS,Dynamite,2020
https://www.youtube.com/watch?v=WMweEpGlu_U,BTS,Butter,2021
https://www.youtube.com/watch?v=CuklIb9d3fI,BTS,Permission to Dance,2021
https://www.youtube.com/watch?v=M4TfFTmITLo,Buddy Holly,That'll Be the Day,1956
https://www.youtube.com/watch?v=fYKfvvwsoAY,Budka Suflera,"Jolka, Jolka pamiętasz",1984
https://www.youtube.com/watch?v=_4_p3FM88jA,Budka Suflera,Takie tango,1997
https://www.youtube.com/watch?v=kE87oI5rdew,Budka Suflera,Bal wszystkich świętych,2000
https://www.youtube.com/watch?v=sw1QACt6OHs,Budka Suflera,Adam i Ewa,2000
https://www.youtube.com/watch?v=Vs6Xfhu3e9Y,C-Bool,Would You Feel,2004
https://www.youtube.com/watch?v=250MMq0fTrU,Cab Calloway,Minnie the Moocher,1931
https://www.youtube.com/watch?v=fEyEcHX8WLo,Cab Calloway,St. James Infirmary Blues,1943
https://www.youtube.com/watch?v=ebXbLfLACGM,Calvin Harris,Summer,2014
https://www.youtube.com/watch?v=dGghkjpNCQ8,Calvin Harris,Feel So Close,2010
https://www.youtube.com/watch?v=DkeiKbqa02g,Calvin Harris,One Kiss,2018
https://www.youtube.com/watch?v=VkKxmnrRVHo,Carole King,It's Too Late,1985
https://www.youtube.com/watch?v=eAR_Ff5A8Rk,Carole King,You’ve Got a Friend,1971
https://www.youtube.com/watch?v=o2qosA_tpSc,Carpe Diem,Teraz wiem,2002
https://www.youtube.com/watch?v=4uYFY7jdQGs,Carpe Diem,Życie jak poemat,2005
https://www.youtube.com/watch?v=9bFHsd3o1w0,Celine Dion,My Heart Will Go On,1997
https://www.youtube.com/watch?v=9n3A_-HRFfc,Cher,If I Could Turn Back Time,1989
https://www.youtube.com/watch?v=nZXRV4MezEw,Cher,Believe,1998
https://www.youtube.com/watch?v=kIDWgqDBNXA,Christina Aguilera,Genie in a Bottle,1999
https://www.youtube.com/watch?v=sagmwSY-ZEY,Chuck Berry,Roll Over Beethoven,1956
https://www.youtube.com/watch?v=Y-9Y4CCIWnM,Chuck Berry,Johnny B. Goode,1958
https://www.youtube.com/watch?v=v124f0i0Xh4,Chuck Berry,Maybellene,1958
https://www.youtube.com/watch?v=k4V3Mo61fJM,Coldplay,Fix You,2005
https://www.youtube.com/watch?v=dvgZkm1xWPE,Coldplay,Viva La Vida,2008
https://www.youtube.com/watch?v=yKNxeF4KMsY,Coldplay,Yellow,2000
https://www.youtube.com/watch?v=d020hcWA_Wg,Coldplay,Clocks,2002
https://www.youtube.com/watch?v=VPRjCeoBqrI,Coldplay,A Sky Full of Stars,2014
https://www.youtube.com/watch?v=1G4isv_Fylg,Coldplay,Paradise,2004
https://www.youtube.com/watch?v=YykjpeuMNEk,Coldplay,Hymn for the Weekend,2015
https://www.youtube.com/watch?v=JmKLT59cTIc,Coma,Spadam,2004
https://www.youtube.com/watch?v=9fbI20nSqoY,Coma,Zaprzepaszczone siły wielkiej armii świętych znaków,2006
https://www.youtube.com/watch?v=anFD_aYi5GQ,Coolio,Fantastic Voyage,1994
https://www.youtube.com/watch?v=f3y8jf01UY8,Cream,Sunshine of Your Love,1967
https://www.youtube.com/watch?v=u1V8YRJnr4Q,Creedence Clearwater Revival,Have You Ever Seen the Rain,1970
https://www.youtube.com/watch?v=zUQiUFZ5RDw,Creedence Clearwater Revival,Bad Moon Rising,1969
https://www.youtube.com/watch?v=ZWijx_AgPiA,Creedence Clearwater Revival,Fortunate Son,1969
https://www.youtube.com/watch?v=T9MXNbpXQ3g,Creedence Clearwater Revival,Who’ll Stop the Rain,1976
https://www.youtube.com/watch?v=wTjLZwpmufw,Czesław Niemen,Dziwny jest ten świat,1967
https://www.youtube.com/watch?v=ePNUSmH3dMI,Czesław Niemen,Sen o Warszawie,1966
https://www.youtube.com/watch?v=r1CM68Z3z0A,Czerwone Gitary,Ciągle pada,1974
https://www.youtube.com/watch?v=K0HSD_i2DvA,Daft Punk,Around the World,1996
https://www.youtube.com/watch?v=gAjR4_CbPpQ,Daft Punk,Harder Better Faster Stronger,2001
https://www.youtube.com/watch?v=FGBhQbmPwH8,Daft Punk,One More Time,2000
https://www.youtube.com/watch?v=4LQVEN2kZQA,Danny Elfman,The Simpsons Theme,1990
https://www.youtube.com/watch?v=_xR2BymJj6U,Daria Zawiałow,Hej Hej!,2019
https://www.youtube.com/watch?v=lXgkuM2NhYI,David Bowie,Heroes,1977
https://www.youtube.com/watch?v=iYYRH4apXDo,David Bowie,Space Oddity,1969
https://www.youtube.com/watch?v=VbD_kBJc_gI,David Bowie,Let’s Dance,1983
https://www.youtube.com/watch?v=JRfuAukYTKg,David Guetta,Titanium,2011
https://www.youtube.com/watch?v=uO59tfQ2TbA,David Guetta,Hey Mama,2014
https://www.youtube.com/watch?v=zudbz4hOcbc,David Guetta,When Love Takes Over,2009
https://www.youtube.com/watch?v=X2XWBcd5jn0,Dawid Podsiadło,Małomiasteczkowy,2018
https://www.youtube.com/watch?v=RUz1pZ_LujU,Dean Martin,That's Amore,1953
https://www.youtube.com/watch?v=ah637P0_cts,Dean Martin,Volare,1958
https://www.youtube.com/watch?v=J76ExFgg0Vs,Dean Martin,Sway,1954
https://www.youtube.com/watch?v=Q2FzZSBD5LE,Deep Purple,Smoke on the Water,1972
https://www.youtube.com/watch?v=0HtyF0jux2Q,Denzel,Pump It Up,2004
https://www.youtube.com/watch?v=u1xrNaTO1bI,Depeche Mode,Personal Jesus,1989
https://www.youtube.com/watch?v=_6FBfAQ-NDE,Depeche Mode,Just Can’t Get Enough,2023
https://www.youtube.com/watch?v=aGSKrC7dGcY,Depeche Mode,Enjoy the Silence,1990
https://www.youtube.com/watch?v=MHRabky4Ajc,Depeche Mode (dodatkowo),Strangelove,1987
https://www.youtube.com/watch?v=Wmc8bQoL-J0,Destiny’s Child,Survivor,2001
https://www.youtube.com/watch?v=h0ffIJ7ZO4U,Dire Straits,Sultans of Swing,1978
https://www.youtube.com/watch?v=jhdFe3evXpk,Dire Straits,Brothers in Arms,1985
https://www.youtube.com/watch?v=r6y1INYz7HE,Doda,Nie daj się,2008
https://www.youtube.com/watch?v=pok8H_KF1FA,Doja Cat,Say So,2019
https://www.youtube.com/watch?v=yxW5yuzVi8w,Doja Cat,Woman,2021
https://www.youtube.com/watch?v=0EVVKs6DQLo,Doja Cat,Kiss Me More,2021
https://www.youtube.com/watch?v=PRpiBpDy7MQ,Don McLean,American Pie,1971
https://www.youtube.com/watch?v=yEbaeLv-aOo,Donna Summer,I Feel Love,1977
https://www.youtube.com/watch?v=KhcaPNuaJNU,Donna Summer,Hot Stuff,1979
https://www.youtube.com/watch?v=Bucljr7jX3I,Donna Summer,Bad Girls,1979
https://www.youtube.com/watch?v=qQmTdijhjD4,Dragon Ball Z Theme,Cha-La Head-Cha-La,1989
https://www.youtube.com/watch?v=uxpDa-c-4Mc,Drake,Hotline Bling,2015
https://www.youtube.com/watch?v=ki0Ocze98U8,Drake,One Dance,2016
https://www.youtube.com/watch?v=xpVfcZ0ZcFM,Drake,God’s Plan,2018
https://www.youtube.com/watch?v=TUVcZfQe-Kw,Dua Lipa,Levitating,2020
https://www.youtube.com/watch?v=oygrmJFKYZY,Dua Lipa,Don't Start Now,2020
https://www.youtube.com/watch?v=k2qgadSvNyU,Dua Lipa,New Rules,2016
https://www.youtube.com/watch?v=oJL-lCzEXgI,Duran Duran,Hungry Like the Wolf,1982
https://www.youtube.com/watch?v=FqIACCH20JU,Duran Duran,Ordinary World,1992
https://www.youtube.com/watch?v=zfwGiieFkKo,Dżem,Whisky,1981
https://www.youtube.com/watch?v=XWcqFbMUAb4,Dżem,Wehikuł czasu,1989
https://www.youtube.com/watch?v=dLl4PZtxia8,Eagles,Hotel California,1976
https://www.youtube.com/watch?v=Gs069dndIYk,"Earth, Wind & Fire",September,1978
https://www.youtube.com/watch?v=yPPRLEZ6BBc,EastWest Rockers,Dotknąć Cię,2006
https://www.youtube.com/watch?v=JGwWNGJdvx8,Ed Sheeran,Shape of You,2017
https://www.youtube.com/watch?v=2Vv-BfVoq4g,Ed Sheeran,Perfect,2017
https://www.youtube.com/watch?v=lp-EO5I60KA,Ed Sheeran,Thinking Out Loud,2014
https://www.youtube.com/watch?v=sVAZjaAJufE,Edyta Bartosiewicz,Sen,1994
https://www.youtube.com/watch?v=mK3rv4aeEoA,Edyta Bartosiewicz,Ostatni,1995
https://www.youtube.com/watch?v=PL5rmmpiHp8,Edyta Górniak,To nie ja,1994
https://www.youtube.com/watch?v=UityBuZoXv0,Edyta Górniak,Kolorowy wiatr,2004
https://www.youtube.com/watch?v=wcXAKhwsl6o,"Edyta Górniak, Mietek Szcześniak",Dumka na dwa serca (Ogniem i mieczem),1999
https://www.youtube.com/watch?v=2f3kDUTOGT0,Elektryczne gitary,Bulionerzy,2004
https://www.youtube.com/watch?v=OAVZuSoP8dk,Ella Fitzgerald,Dream a Little Dream of Me,1950
https://www.youtube.com/watch?v=1P0tofE5eFc,Ella Fitzgerald,Autumn in New York,1957
https://www.youtube.com/watch?v=9kh4ffPyj-g,Ella Fitzgerald,Someone to Watch Over Me,1950
https://www.youtube.com/watch?v=DtVBCG6ThDk,Elton John,Rocket Man,1972
https://www.youtube.com/watch?v=yYcyacLRPNs,Elton John,Tiny Dancer,1972
https://www.youtube.com/watch?v=GlPlfCy1urI,Elton John,Your Song,1970
https://www.youtube.com/watch?v=vGJTaP6anOU,Elvis Presley,Can't Help Falling in Love,1970
https://www.youtube.com/watch?v=HeXnFx7aPOE,Elvis Presley,Blue Suede Shoes,1956
https://www.youtube.com/watch?v=aNYWl13IWhY,Elvis Presley,Hound Dog,1956
https://www.youtube.com/watch?v=-9dtQzg7gDM,Elvis Presley,Love Me Tender,1956
https://www.youtube.com/watch?v=j5-yKhDd64s,Eminem,I'm Not Afraid,2010
https://www.youtube.com/watch?v=eJO5HU_7_1w,Eminem,The Real Slim Shady,2000
https://www.youtube.com/watch?v=YVkUvmDQ3HY,Eminem,Without Me,2002
https://www.youtube.com/watch?v=XbGs_qK2PQA,Eminem,Rap God,2013
https://www.youtube.com/watch?v=j5-yKhDd64s,Eminem,Not Afraid,2010
https://www.youtube.com/watch?v=xFYQQPAOz7Y,Eminem,Lose Yourself,2002
https://www.youtube.com/watch?v=vBj5P71Mci4,Enej,Kamień z napisem LOVE,2015
https://www.youtube.com/watch?v=4KoBxFSUseg,Enej,Radio Hello,2010
https://www.youtube.com/watch?v=6xUnSVTh8fI,ERA,Ameno,1996
https://www.youtube.com/watch?v=UprwkbzUX6g,Eric Clapton,Wonderful Tonight,1977
https://www.youtube.com/watch?v=2xlKRtF9FkE,Eugeniusz Bodo,Umówiłem się z nią na dziewiątą,1937
https://www.youtube.com/watch?v=qeMFqkcPYcg,Eurythmics,Sweet Dreams (Are Made of This),1983
https://www.youtube.com/watch?v=TzFnYcIqj6I,Eurythmics,Here Comes the Rain Again,1983
https://www.youtube.com/watch?v=ruAi4VBoBSM,Fatboy Slim,Praise You,1998
https://www.youtube.com/watch?v=bQQCPrwKzdo,Fats Domino,Blueberry Hill,1956
https://www.youtube.com/watch?v=_d-bEM88LlM,Feel,Jak anioła głos,2008
https://www.youtube.com/watch?v=7vKpv-z1ut4,Feel,A gdy jest już ciemno,2007
https://www.youtube.com/watch?v=DrQRS40OKNE,Fleet Foxes,White Winter Hymnal,2008
https://www.youtube.com/watch?v=7HHgedNNQco,Fleet Foxes,Helplessness Blues,2010
https://www.youtube.com/watch?v=Y3ywicffOj4,Fleetwood Mac,Dreams,1977
https://www.youtube.com/watch?v=kBYHwH1Vb-c,Fleetwood Mac,The Chain,1977
https://www.youtube.com/watch?v=ozl3L9fhKtE,Fleetwood Mac,Go Your Own Way,1976
https://www.youtube.com/watch?v=iWOyfLBYtuU,Florence + The Machine,Dog Days Are Over,2008
https://www.youtube.com/watch?v=WbN0nX61rIs,Florence + The Machine,Shake It Out,2011
https://www.youtube.com/watch?v=PQZhN65vq9E,Florence + The Machine,You’ve Got the Love,2009
https://www.youtube.com/watch?v=qQzdAsjWGPg,Frank Sinatra,My Way,1968
https://www.youtube.com/watch?v=Sek1vLw3s20,Frank Sinatra,Strangers in the Night,1966
https://www.youtube.com/watch?v=UCENTf_LWYA,Frank Sinatra,That's Life,1966
https://www.youtube.com/watch?v=TK0Vdb1RUCk,Frank Sinatra,"New York, New York",1980
https://www.youtube.com/watch?v=Ijk4j-r7qPA,Franz Ferdinand,Take Me Out,2003
https://www.youtube.com/watch?v=G4FluV0hFgc,Gabriel Fleszar,Kroplą deszczu,1999
https://www.youtube.com/watch?v=KUXGVfmrEN4,Garou,Belle,1997
https://www.youtube.com/watch?v=6wB7k9SopIA,Garou,Gitan,2000
https://www.youtube.com/watch?v=35K6vQRt67g,Genesis,Jesus he knows me,1991
https://www.youtube.com/watch?v=6Cs3Pvmmv0E,George Michael,Faith,1987
https://www.youtube.com/watch?v=izGwDsrQ1eQ,George Michael,Careless Whisper,1984
https://www.youtube.com/watch?v=ixdsZtRWO30,Gibbs,Zawsze chciałem,2023
https://www.youtube.com/watch?v=efQJmUr4wAM,Gibbs,Stan,2023
https://www.youtube.com/watch?v=mRD0-GxqHVo,Glass Animals,Heat Waves,2020
https://www.youtube.com/watch?v=IIA1XQnAv5s,Glass Animals,Gooey,2014
https://www.youtube.com/watch?v=_CI-0E_jses,Glenn Miller,In the Mood,1939
https://www.youtube.com/watch?v=V2aj0zhXlLA,Glenn Miller,Chattanooga Choo Choo,1941
https://www.youtube.com/watch?v=6dYWe1c3OyU,Gloria Gaynor,I Will Survive,1978
https://www.youtube.com/watch?v=ofcgjeELS0M,Gloria Gaynor,Never Can Say Goodbye,1974
https://www.youtube.com/watch?v=yrJ_lzYGJdg,Golec uOrkiestra,Ściernisko,2004
https://www.youtube.com/watch?v=8KDPgNTtaXc,Golec uOrkiestra,Lornetka (serial),1999
https://www.youtube.com/watch?v=HyHNuVaZJ-k,Gorillaz,Feel Good Inc.,2005
https://www.youtube.com/watch?v=1V_xRb0x9aw,Gorillaz,Clint Eastwood,2000
https://www.youtube.com/watch?v=vZjAam9UOqE,Gosia Andrzejewicz,Pozwól żyć,2006
https://www.youtube.com/watch?v=jZBP_cq5asU,Gosia Andrzejewicz,Słowa,2004
https://www.youtube.com/watch?v=NrA7kZmbtcE,Gosia Andrzejewicz,Lustro,2006
https://www.youtube.com/watch?v=Ee_uujKuJMI,Green Day,American Idiot,2004
https://www.youtube.com/watch?v=i8dh9gDzmz8,Green Day,When I Come Around,1993
https://www.youtube.com/watch?v=Soa3gO7tL-c,Green Day,Boulevard of Broken Dreams,2004
https://www.youtube.com/watch?v=NU9JoFKlaZ0,Green Day,Wake me up when september ends,2004
https://www.youtube.com/watch?v=6BnT_wkuMBA,GrubSon,Na szczycie,2009
https://www.youtube.com/watch?v=xsSMJfxIZqg,Grzegorz Ciechowski,Moja krew,2004
https://www.youtube.com/watch?v=FJtjklvHuIM,Grzegorz Markowski,W labiryncie,1988
https://www.youtube.com/watch?v=vhuW6Pvwj4I,Grzegorz Turnau,Bracka,1995
https://www.youtube.com/watch?v=-qJkAosmEZM,Grzegorz Turnau,Naprawdę nie dzieje się nic,1991
https://www.youtube.com/watch?v=1w7OgIMMRc4,Guns N' Roses,Sweet Child O' Mine,1988
https://www.youtube.com/watch?v=8SbUC-UaAxE,Guns N' Roses,November Rain,1992
https://www.youtube.com/watch?v=Gere_K02mGE,Hanka Ordonówna,Miłość Ci wszystko wybaczy,1933
https://www.youtube.com/watch?v=rv5H8OkcJn4,Hanka Ordonówna,Szczęście raz się uśmiecha,1962
https://www.youtube.com/watch?v=W1jIuwYGIrU,Happysad,Zanim pójdę,2004
https://www.youtube.com/watch?v=938DIpI4SAo,Happysad,W piwnicy u dziadka,2008
https://www.youtube.com/watch?v=4Q1YCETCOUI,Happysad,Łydka,2005
https://www.youtube.com/watch?v=H5v3kku4y6Q,Harry Styles,As It Was,2022
https://www.youtube.com/watch?v=qN4ooNx77u0,Harry Styles,Sign of the Times,2017
https://www.youtube.com/watch?v=OqEc_169ywY,Henry Moodie,Drunk Text,2025
https://www.youtube.com/watch?v=MISK-DCbNKk,Hey,Teksański,1993
https://www.youtube.com/watch?v=f5hooj3qKM4,Hey,Moja i twoja nadzieja,1993
https://www.youtube.com/watch?v=MYSVMgRr6pw,Hozier,Take Me to Church,2013
https://www.youtube.com/watch?v=NTpbbQUBbuo,Hozier,Too Sweet,2024
https://www.youtube.com/watch?v=1nP3XB7hrFo,Hurts,Stay,2010
https://www.youtube.com/watch?v=j0U4lrfzv6U,Ich Troje,Powiedz,2001
https://www.youtube.com/watch?v=Wp57PXBB7Xg,Ich Troje,Zawsze z Tobą chciałbym być,2001
https://www.youtube.com/watch?v=869mcrMEysE,Ich Troje,A wszystko to...,1999
https://www.youtube.com/watch?v=vOXZkm9p_zY,Imagine Dragons,Birds,2018
https://www.youtube.com/watch?v=7wtfhZwyrcc,Imagine Dragons,Believer,2017
https://www.youtube.com/watch?v=mWRsgZuwf_8,Imagine Dragons,Demons,2012
https://www.youtube.com/watch?v=ktvTqknDobU,Imagine Dragons,Radioactive,2012
https://www.youtube.com/watch?v=fKopy74weus,Imagine Dragons,Thunder,2017
https://www.youtube.com/watch?v=TO-_3tck2tg,Imagine Dragons,Bones,2018
https://www.youtube.com/watch?v=V6E46qaySz4,IRA,Parę chwil,2004
https://www.youtube.com/watch?v=kicWDADn4L4,IRA,Szczęśliwego Nowego Jorku,2004
https://www.youtube.com/watch?v=aMpXX1IBMo8,IRA,Mocny,2002
https://www.youtube.com/watch?v=9RJvtwlg5ms,IRA,Wiara,1993
https://www.youtube.com/watch?v=Q8RSnN8-u_k,Irena Santor,Tych lat nie odda nikt,1968
https://www.youtube.com/watch?v=pTdihu-mp90,James Brown,I Got You (I Feel Good),1965
https://www.youtube.com/watch?v=3SL0oRcD7t0,Janis Joplin,Piece of My Heart,1968
https://www.youtube.com/watch?v=KKJOwXzBmuM,Jerzy Matuszkiewicz,Czterdziestolatek,1987
https://www.youtube.com/watch?v=uBkoHiUTDI4,Jerzy Połomski,Bo z dziewczynami,1973
https://www.youtube.com/watch?v=ENvAmLuj5ko,Jerzy Stuhr,Śpiewać każdy może,1977
https://www.youtube.com/watch?v=wADRRYNHhOA,John Lennon,Jealous Guy,1971
https://www.youtube.com/watch?v=1WaV2x8GXj0,Johnny Cash,Ring of Fire,1963
https://www.youtube.com/watch?v=1k8craCGpgs,Journey,Don't Stop Believin',1981
https://www.youtube.com/watch?v=zuuObGsB0No,Joy Division,Love Will Tear Us Apart,1980
https://www.youtube.com/watch?v=6dBt3mJtgJc,Joy Division,Transmission,1979
https://www.youtube.com/watch?v=rxDR4SG_DCc,Just 5,Kolorowe sny,1997
https://www.youtube.com/watch?v=fRh_vgS2dFE,Justin Bieber,Sorry,2015
https://www.youtube.com/watch?v=tQ0yjYUFKAE,Justin Bieber,Peaches,2021
https://www.youtube.com/watch?v=uuZE_IRwLNI,Justin Timberlake,Mirrors,2013
https://www.youtube.com/watch?v=DksSPZTZES0,Justin Timberlake,Cry me a river,2002
https://www.youtube.com/watch?v=QUuKvHHt8Sk,Justin Timberlake,Lovestoned,2006
https://www.youtube.com/watch?v=TOrnUquxtwA,Justin Timberlake,What is goes around,2006
https://www.youtube.com/watch?v=ru0K8uYEZWw,Justin Timberlake,Can't stop the feeling,2016
https://www.youtube.com/watch?v=zMaNfqfsMtE,Justin Timberlake,Summer love,2006
https://www.youtube.com/watch?v=3gOHvDP_vCs,Justin Timberlake,Sexy back,2006
https://www.youtube.com/watch?v=NQXhvclWuPE,Justyna Steczkowska,Gaja,2024
https://www.youtube.com/watch?v=7iiANZvz8Tg,Kaliber 44,Plus i minus,1996
https://www.youtube.com/watch?v=y3bmeafP778,Kasia Cerekwicka,Na kolana,2006
https://www.youtube.com/watch?v=tAp9BKosZXs,Katy Perry,I Kissed a Girl,2008
https://www.youtube.com/watch?v=kTHNpusq654,Katy Perry,Hot n Cold,2008
https://www.youtube.com/watch?v=CevxZvSJLk8,Katy Perry,Roar,2013
https://www.youtube.com/watch?v=QGJuMBdaqIw,Katy Perry,Firework,2010
https://www.youtube.com/watch?v=98WtmW-lfeE,Katy Perry,Teenage Dream,2010
https://www.youtube.com/watch?v=JTpos657Am0,Kayah,Supermenka,1997
https://www.youtube.com/watch?v=8-02C_4VA44,Kayah & Goran Bregović,Śpij kochanie śpij,1999
https://www.youtube.com/watch?v=cKF2GjRAUtE,Kayah i Bregović,Prawy do lewego,1999
https://www.youtube.com/watch?v=UAaW1BUSPP8,Kazik,12 groszy,1997
https://www.youtube.com/watch?v=RF0HhrwIwp0,Kings of Leon,Sex on Fire,2008
https://www.youtube.com/watch?v=gnhXHvRoUd0,Kings of Leon,Use Somebody,2008
https://www.youtube.com/watch?v=wPBbMbKSZrQ,Kings of Leon,Radioactive,2010
https://www.youtube.com/watch?v=5gSroh2XP-0,Kobranocka,Kocham Cię jak Irlandię,1990
https://www.youtube.com/watch?v=E4povfmX144,Kodaline,High Hopes,2013
https://www.youtube.com/watch?v=xLPGtQoRUbk,Kodaline,One,2013
https://www.youtube.com/watch?v=XqmUVs7wAIA,Kombi,Słodkiego miłego życia,1984
https://www.youtube.com/watch?v=XVdr4w4xttg,Kombi,Nasze rendez-vous,1986
https://www.youtube.com/watch?v=6Qq9xM8RCSw,Koniec Świata,Oranżada,2010
https://www.youtube.com/watch?v=BqUpUtaS9VY,Kora,Krakowski spleen,1992
https://www.youtube.com/watch?v=mgWGR-g9mFQ,Kortez,Zostań,2015
https://www.youtube.com/watch?v=jrhhuzfTWL8,Kortez,Zostań (film/TV),2015
https://www.youtube.com/watch?v=GEnx9xS79Lc,Kraftwerk,The Model,1978
https://www.youtube.com/watch?v=BJhRUzwhOe0,Krystyna Prońko,Jesteś lekiem na całe zło,1983
https://www.youtube.com/watch?v=aU-3t8Wav7U,Krystyna Prońko,Psalm stojących w kolejce,1992
https://www.youtube.com/watch?v=4RTjMMUcuzk,Krzysztof Klenczon,10 w skali Beauforta,1971
https://www.youtube.com/watch?v=S7KAGds0i7U,Krzysztof Krawczyk,Parostatek,1976
https://www.youtube.com/watch?v=vVMvZFomaeY,Krzysztof Krawczyk,Bo jesteś Ty,2002
https://www.youtube.com/watch?v=g0kgw2kkFnM,Krzysztof Krawczyk & Goran Bregović,Mój przyjacielu,2001
https://www.youtube.com/watch?v=I8NcELiIMHg,Kult,Gdy nie ma dzieci,1998
https://www.youtube.com/watch?v=_vw2K0AgFF0,Kult,Arahja,1988
https://www.youtube.com/watch?v=DqBuIaa2-_s,Kult,Baranek,1993
https://www.youtube.com/watch?v=bESGLojNYSo,Lady Gaga,Poker Face,2008
https://www.youtube.com/watch?v=2Abk1jAONjw,Lady Gaga,Just Dance,2008
https://www.youtube.com/watch?v=qrO4YZeyl0I,Lady Gaga,Bad Romance,2009
https://www.youtube.com/watch?v=AoAm4om0wTs,Lady Gaga,Rain on Me,2020
https://www.youtube.com/watch?v=bo_efYhYU2A,"Lady Gaga, Bradley Cooper",Shallow,2018
https://www.youtube.com/watch?v=wEEEknecLA4,Lady Pank,Zostawcie Titanica,1988
https://www.youtube.com/watch?v=SPnEpzUy2V4,Lady Pank,Kryzysowa narzeczona,1983
https://www.youtube.com/watch?v=8unEo4tdVVQ,Lady Pank,Marchewkowe pole,1986
https://www.youtube.com/watch?v=Lc-26SnSmok,Lady Pank,Mniej niż zero,1983
https://www.youtube.com/watch?v=LCpXRKEZ0vI,Lady Pank,Wciąż bardziej obcy,1983
https://www.youtube.com/watch?v=fyoCXePXQF0,Lady Pank,Zawsze tam gdzie Ty,1990
https://www.youtube.com/watch?v=TdrL3QxjyVw,Lana Del Rey,Summertime Sadness,2012
https://www.youtube.com/watch?v=o_1aF54DO60,Lana Del Rey,Young and Beautiful,2013
https://www.youtube.com/watch?v=V0PisGe66mY,Las Ketchup,The Ketchup Song (Asereje),2002
https://www.youtube.com/watch?v=QkF3oxziUI4,Led Zeppelin,Stairway to Heaven,1971
https://www.youtube.com/watch?v=HQmmM_qwG4k,Led Zeppelin,Whole Lotta Love,1969
https://www.youtube.com/watch?v=PD-MdiUm1_Y,Led Zeppelin,Kashmir,1975
https://www.youtube.com/watch?v=P3Y8OWkiUts,Led Zeppelin,Immigrant Song,1970
https://www.youtube.com/watch?v=YrLk4vdY28Q,Leonard Cohen,Hallelujah,1984
https://www.youtube.com/watch?v=svitEEpI07E,Leonard Cohen,Suzanne,1968
https://www.youtube.com/watch?v=kXYiU_JCYtU,Linkin Park,Numb,2003
https://www.youtube.com/watch?v=eVTXPUF4Oz4,Linkin Park,In the End,2001
https://www.youtube.com/watch?v=LYU-8IFcDPw,Linkin Park,Faint,2003
https://www.youtube.com/watch?v=eQ-U2kGDHSI,Little Richard,Tutti Frutti,1957
https://www.youtube.com/watch?v=BmEP9czgX0c,Lombard,Przeżyj to sam,1983
https://www.youtube.com/watch?v=SCrR7od_fck,Lombard,Szklana pogoda,1983
https://www.youtube.com/watch?v=nlcIKh6sBtc,Lorde,Royals,2012
https://www.youtube.com/watch?v=dMK_npDG12Q,Lorde,Green Light,2017
https://www.youtube.com/watch?v=D8Ymd-OCucs,Lorde,Tennis Court,2012
https://www.youtube.com/watch?v=EK_LN3XEcnw,Lou Bega,Mambo No. 5,1999
https://www.youtube.com/watch?v=CaCSuzR4DwM,Louis Armstrong,What a Wonderful World,1967
https://www.youtube.com/watch?v=wyLjbMBpGDA,Louis Armstrong,When the Saints Go Marching In,1955
https://www.youtube.com/watch?v=WIE6U6Lrtrc,Louis Armstrong,Stardust,1958
https://www.youtube.com/watch?v=9qRbjK4KPFc,Maanam,Kocham Cię kochanie moje,1983
https://www.youtube.com/watch?v=YdE2CRrmXek,Maanam,Boskie Buenos (Buenos Aires),1980
https://www.youtube.com/watch?v=mh8ZqQS1EPM,Maanam,Cykady na Cykladach,1981
https://www.youtube.com/watch?v=B2SBvu2h6Z0,Maciej Molęda,Zrobię mężczyzn z Was (Mulan),1998
https://www.youtube.com/watch?v=79fzeNUqQbQ,Madonna,Like a Prayer,1989
https://www.youtube.com/watch?v=6p-lDYPR2P8,Madonna,Material Girl,1985
https://www.youtube.com/watch?v=GuJQSAiODqI,Madonna,Vogue,1990
https://www.youtube.com/watch?v=s__rX_WL100,Madonna,Like a Virgin,1984
https://www.youtube.com/watch?v=g0vsAvCRI90,Majka Jeżowska,Wszystkie dzieci nasze są,1991
https://www.youtube.com/watch?v=zUMsjkmTQ3g,Maleo Reggae Rockers,Dzikie serce,2009
https://www.youtube.com/watch?v=j15rbAhR3SQ,Maleo Reggae Rockers,Serca nie oszukasz,2009
https://www.youtube.com/watch?v=o-W8JTJQVug,Maleo Reggae Rockers,"Żyć, aby kochać",2006
https://www.youtube.com/watch?v=09R8_2nJtjg,Maroon 5,Sugar,2014
https://www.youtube.com/watch?v=iEPTlhBmwRg,Maroon 5,Moves Like Jagger,2011
https://www.youtube.com/watch?v=nIjVuRTm-dc,Maroon 5,She Will Be Loved,2003
https://www.youtube.com/watch?v=SlPhMPnQ58k,Maroon 5,Memories,2019
https://www.youtube.com/watch?v=pwO4y5FN7BA,Martyna Jakubowicz,W domach z betonu,1983
https://www.youtube.com/watch?v=H-kA3UtBj4M,Marvin Gaye,What's Going On,1971
https://www.youtube.com/watch?v=AqPBfbLoF_M,Marvin Gaye,Let’s Get It On,1976
https://www.youtube.com/watch?v=rjlSiASsUIs,Marvin Gaye,Sexual Healing,1982
https://www.youtube.com/watch?v=89GtYMXRAzc,Marek Grechuta,"Dni, których nie znamy",1971
https://www.youtube.com/watch?v=O3kLCJqFM4M,Maryla Rodowicz,Małgośka,1973
https://www.youtube.com/watch?v=sgLHGk3HA6c,Maryla Rodowicz,Nie ma jak pompa,1978
https://www.youtube.com/watch?v=ovU4ESybz-U,Massive Attack,Teardrop (House MD),1998
https://www.youtube.com/watch?v=tAGnKpE4NCI,Metallica,Nothing Else Matters,1991
https://www.youtube.com/watch?v=CD-E-LDc384,Metallica,Enter Sandman,1991
https://www.youtube.com/watch?v=B9dSYgd5Elk,MGMT,Time to Pretend,2005
https://www.youtube.com/watch?v=MmZexg8sxyk,MGMT,Electric Feel,2007
https://www.youtube.com/watch?v=fe4EK4HSPkI,MGMT,Kids,2005
https://www.youtube.com/watch?v=sOnqjkJTMaA,Michael Jackson,Thriller,1982
https://www.youtube.com/watch?v=oRdxUFDoQe0,Michael Jackson,Beat It,1982
https://www.youtube.com/watch?v=Zi_XLOBDo_Y,Michael Jackson,Billie Jean,1982
https://www.youtube.com/watch?v=PivWY9wn5ps,Michael Jackson,Man in the Mirror,1988
https://www.youtube.com/watch?v=87BBmxm7IJU,Michał Szpak,Color of Your Life,2015
https://www.youtube.com/watch?v=gfmnMGeFM84,Mieczysław Fogg,Tango Milonga,1962
https://www.youtube.com/watch?v=NqmGo3KFp2s,Mieczysław Fogg,To ostatnia niedziela,1935
https://www.youtube.com/watch?v=beityqDT4_Y,Mieczysław Fogg,Piosenka o mojej Warszawie,1987
https://www.youtube.com/watch?v=1iuCzYbN0ng,Lombard,Przeżyj to sam,1982
https://www.youtube.com/watch?v=x-CNAQz47MM,Mietek Szcześniak,O niebo lepiej,2006
https://www.youtube.com/watch?v=TgqSueGoEJw,Mietek Szcześniak,Całe życie czekam na ciebie,2002
https://www.youtube.com/watch?v=EDrOriKrV3g,Mig,Co Ty mi dasz,2000
https://www.youtube.com/watch?v=IJWlBfo5Oj0,Moby,Porcelain,1999
https://www.youtube.com/watch?v=mr4_R3qrKEc,Mrozu,Złoto,2022
https://www.youtube.com/watch?v=Pgum6OT_VH8,Muse,Starlight,2006
https://www.youtube.com/watch?v=G_sBOsh-vyI,Muse,Knights of Cydonia,2006
https://www.youtube.com/watch?v=Xsp3_a-PMTw,Muse,Supermassive Black Hole,2006
https://www.youtube.com/watch?v=w8KQmps-Sog,Muse,Uprising,2009
https://www.youtube.com/watch?v=A30Fx3wnfwE,Myslovitz,Długość dźwięku samotności,1999
https://www.youtube.com/watch?v=N2Umwrivj3g,Myslovitz,Peggy Brown,1996
https://www.youtube.com/watch?v=Eo-KmOd3i7s,N*SYNC,Bye Bye Bye,2000
https://www.youtube.com/watch?v=2upuBiEiXDk,Naruto Theme,Blue Bird (Naruto),2008
https://www.youtube.com/watch?v=f_HmF84G7ZY,Nat King Cole,L-O-V-E,1964
https://www.youtube.com/watch?v=G2vgJ0MGOlg,Nat King Cole,Mona Lisa,1950
https://www.youtube.com/watch?v=xyHoohNyYkw,Nat King Cole,Smile,1954
https://www.youtube.com/watch?v=c1GxjzHm5us,New Order,Blue Monday,1983
https://www.youtube.com/watch?v=tkOr12AQpnU,New Order,Bizarre Love Triangle,1986
https://www.youtube.com/watch?v=vabnZ9-ex7o,Nirvana,Come As You Are,1992
https://www.youtube.com/watch?v=pkcJEvMcnEg,Nirvana,Lithium,1990
https://www.youtube.com/watch?v=hTWKbfoikeg,Nirvana,Smells Like Teen Spirit,1991
https://www.youtube.com/watch?v=TR3Vdo5etCQ,No Doubt,Don't Speak,2001
https://www.youtube.com/watch?v=PHzOOQfhPFg,No Doubt,Just a Girl,1995
https://www.youtube.com/watch?v=7XisNjzaYx0,Nowator,Kobieta Latino,2005
https://www.youtube.com/watch?v=_ZcmuKsyvzg,NSYNC,Tearin’ Up My Heart,1997
https://www.youtube.com/watch?v=YnopHCL1Jk8,O-Zone,Dragostea Din Tei,2004
https://www.youtube.com/watch?v=lpRlEFZ85fY,O.S.T.R.,Kochana Polsko,2002
https://www.youtube.com/watch?v=cmpRLQZkTb8,Oasis,Don't Look Back in Anger,1995
https://www.youtube.com/watch?v=bx1Bh8ZvH84,Oasis,Wonderwall,1995
https://www.youtube.com/watch?v=cSjk6phf3iY,Obywatel G.C.,Nie pytaj o Polskę,1988
https://www.youtube.com/watch?v=ZmDBbnmKpqQ,Olivia Rodrigo,driver’s license,2021
https://www.youtube.com/watch?v=gNi_6U5Pm_o,Olivia Rodrigo,good 4 u,2021
https://www.youtube.com/watch?v=RlPNh_PBZb4,Olivia Rodrigo,vampire,2023
https://www.youtube.com/watch?v=YoeP9w5UIlg,One Piece Theme,We Are,1999
https://www.youtube.com/watch?v=hT_nvWreIhg,OneRepublic,Counting Stars,2013
https://www.youtube.com/watch?v=qHm9MG9xw1o,OneRepublic,Secrets,2009
https://www.youtube.com/watch?v=ZSM3w1v-A_Y,"OneRepublic, Timbaland",Apologize,2007
https://www.youtube.com/watch?v=brCzJ7ygLY8,Organek,Mississippi w ogniu,2016
https://www.youtube.com/watch?v=CjO7qdADCyQ,Otis Redding,Try a Little Tenderness,1966
https://www.youtube.com/watch?v=MYxAiK6VnXw,OutKast,Ms. Jackson,2000
https://www.youtube.com/watch?v=u3HeJFr01T0,Paktofonika,Jestem Bogiem (Jesteś Bogiem),2000
https://www.youtube.com/watch?v=Qlx51glF5OU,Papa Dance,Naj story,1987
https://www.youtube.com/watch?v=AIxpx4SPMJ0,Papa Dance,O-la-la,1987
https://www.youtube.com/watch?v=MbnrdCS57d0,Patsy Cline,Crazy,1960
https://www.youtube.com/watch?v=m2lojdt920g,Pawbeats x Adi Nowak,Trebusz,2024
https://www.youtube.com/watch?v=4u8hwwZt_NM,Paweł Mosiołek,Nie dla czasu,2013
https://www.youtube.com/watch?v=qM0zINtulhM,Pearl Jam,Alive,1991
https://www.youtube.com/watch?v=1n0MupX-7AM,Perfect,Autobiografia,1982
https://www.youtube.com/watch?v=1qeMxFRD100,Perfect,Chcemy być sobą,1981
https://www.youtube.com/watch?v=G_oKsG8KRZI,Perfect,Nie płacz Ewka,1981
https://www.youtube.com/watch?v=Y0KQNn3aL4Q,Pet Shop Boys,West End Girls,1986
https://www.youtube.com/watch?v=dRHetRTOD1Q,Pet Shop Boys,It's a Sin,1987
https://www.youtube.com/watch?v=bDMCwSP5nf0,Pet Shop Boys,Always on My Mind,1987
https://www.youtube.com/watch?v=r8jnaZ940d8,Pezet & Noon,Refleksje,2002
https://www.youtube.com/watch?v=YkADj0TPrJA,Phil Collins,In the Air Tonight,1981
https://www.youtube.com/watch?v=fup2CVHcDRc,Pin,Bo to co dla mnie,2005
https://www.youtube.com/watch?v=PlpDg2iPmuo,Pin,Bo jest tylko jeden świat,2008
https://www.youtube.com/watch?v=DaXhaw7y8s4,Pin,Pójdę pod wiatr,2008
https://www.youtube.com/watch?v=_FrOQC-zEog,Pink Floyd,Comfortably Numb,1979
https://www.youtube.com/watch?v=-0kcet4aPpQ,Pink Floyd,Money,1973
https://www.youtube.com/watch?v=5IpYOF4Hi6Q,Pink Floyd,Another Brick in the Wall,1979
https://www.youtube.com/watch?v=IXdNnw99-Ic,Pink Floyd,Wish You Were Here,1978
https://www.youtube.com/watch?v=fCkeLBGSINs,Pokémon Theme,Pokémon,1999
https://www.youtube.com/watch?v=wXhTHyIgQ_U,Post Malone,Circles,2019
https://www.youtube.com/watch?v=UceaB4D0jpo,Post Malone,Rockstar,2017
https://www.youtube.com/watch?v=ApXoWvfEYVU,Post Malone,Sunflower,2018
https://www.youtube.com/watch?v=H9tEvfIsDyo,Prince,Kiss,1954
https://www.youtube.com/watch?v=TvnYmWpD_T8,Prince,Purple Rain,1984
https://www.youtube.com/watch?v=UG3VcCAlUgE,Prince,When Doves Cry,1984
https://www.youtube.com/watch?v=HgzGwKwLmgM,Queen,Don't Stop Me Now,1978
https://www.youtube.com/watch?v=fJ9rUzIMcZQ,Queen,Bohemian Rhapsody,1975
https://www.youtube.com/watch?v=-tJYN-eG1zk,Queen,We Will Rock You,1977
https://www.youtube.com/watch?v=kijpcUv-b8M,Queen,Somebody to Love,1976
https://www.youtube.com/watch?v=2ZBtPf7FOoM,Queen,Killer Queen,1974
https://www.youtube.com/watch?v=f4Mc-NYPHaQ,Queen,I Want to Break Free,1984
https://www.youtube.com/watch?v=azdwsXLmrHE,Queen,Radio Ga Ga,1983
https://www.youtube.com/watch?v=xwtdhWltSIg,R.E.M.,Losing My Religion,1990
https://www.youtube.com/watch?v=5rOiW_xY-kc,R.E.M.,Everybody Hurts,1992
https://www.youtube.com/watch?v=1uYWYWPc9HU,Radiohead,Karma Police,1997
https://www.youtube.com/watch?v=XFkzRNyygfk,Radiohead,Creep,1992
https://www.youtube.com/watch?v=u5CVsCnxyXg,Radiohead,No Surprises,1997
https://www.youtube.com/watch?v=SJZfCg51xlU,Ramin Djawadi,Game of Thrones Theme,2015
https://www.youtube.com/watch?v=268C3N2dDYk,Ramones,Blitzkrieg Bop,1976
https://www.youtube.com/watch?v=ggGzE5KfCio,Ray Charles,Georgia on My Mind,1960
https://www.youtube.com/watch?v=EPLZL4s_jtI,Ray Charles,What’d I Say,1959
https://www.youtube.com/watch?v=YlUKcNNmywk,Red Hot Chili Peppers,Californication,1999
https://www.youtube.com/watch?v=rn_YodiJO6k,Red Hot Chili Peppers,Otherside,1999
https://www.youtube.com/watch?v=GLvohMXgcBo,Red Hot Chili Peppers,Under the Bridge,1991
https://www.youtube.com/watch?v=kXKIncnU48g,Remy Zero,Save Me (Smallville),2001
https://www.youtube.com/watch?v=gLa16nvvhBA,Republika,Republika marzeń,1995
https://www.youtube.com/watch?v=-R7qqsT6-T8,Republika,Mamona,1998
https://www.youtube.com/watch?v=gHUDbpI8Ulk,Republika,Biała flaga,1991
https://www.youtube.com/watch?v=i8NINDlQ6KY,Republika,Kombinat,1983
https://www.youtube.com/watch?v=dQw4w9WgXcQ,Rick Astley,Never Gonna Give You Up,1987
https://www.youtube.com/watch?v=E1mU6h4Xdxc,Rihanna,Disturbia,2008
https://www.youtube.com/watch?v=CvBfHwUxHIk,Rihanna,Umbrella,2007
https://www.youtube.com/watch?v=yd8jh9QYfEs,Rihanna,Don’t Stop the Music,2007
https://www.youtube.com/watch?v=lWA2pjMjpBs,Rihanna,Diamonds,2012
https://www.youtube.com/watch?v=tg00YEETFzg,Rihanna,We Found Love,2011
https://www.youtube.com/watch?v=pa14VNsdSYM,Rihanna,Only Girl (In the World),2010
https://www.youtube.com/watch?v=IQV12L24EwY,Robert Gawliński,O sobie samym,1995
https://www.youtube.com/watch?v=m2CQ0FvAZuw,Rod Stewart,Maggie May,1971
https://www.youtube.com/watch?v=Hphwfq1wLJs,Rod Stewart,Da Ya Think I’m Sexy?,1978
https://www.youtube.com/watch?v=FOt3oQ_k008,Rod Stewart,Sailing,1975
https://www.youtube.com/watch?v=TPZMt1Csjv4,Rotary,Na jednej z dzikich plaż,1996
https://www.youtube.com/watch?v=lthffObMcw0,Sanah,Ten stan,2021
https://www.youtube.com/watch?v=hHb3owr6PQg,Sanah,Ale jazz!,2021
https://www.youtube.com/watch?v=43Gs5Jvfx4w,Sanah,No sory,2020
https://www.youtube.com/watch?v=9cQlVww0zKo,Sash!,Ecuador,1997
https://www.youtube.com/watch?v=n4RjJKxsamQ,Scorpions,Wind of Change,1990
https://www.youtube.com/watch?v=1UUYjd2rjsE,Scorpions,Send Me an Angel,1990
https://www.youtube.com/watch?v=6yP1tcy9a10,Scorpions,Rock You Like a Hurricane,1984
https://www.youtube.com/watch?v=7pOr3dBFAeY,Scorpions,Still Loving You,1984
https://www.youtube.com/watch?v=MrTz5xjmso4,Sean Kingston,Beautiful Girls,2007
https://www.youtube.com/watch?v=Ynj0n8WpZ7Q,Seweryn Krajewski,Anna Maria,2005
https://www.youtube.com/watch?v=Gyk4pEWZddU,Seweryn Krajewski,Uciekaj moje serce,1983
https://www.youtube.com/watch?v=q31WY0Aobro,Sex Pistols,Anarchy in the UK,1976
https://www.youtube.com/watch?v=pRpeEdMmmQ0,Shakira,Waka Waka,2010
https://www.youtube.com/watch?v=weRHyjj34ZE,Shakira,Whenever Wherever,2001
https://www.youtube.com/watch?v=DUT5rEU6pqM,Shakira,Hips Don’t Lie,2006
https://www.youtube.com/watch?v=o3mP3mJDL2k,Shakira,Can't Remember to Forget You,2014
https://www.youtube.com/watch?v=VbfpW0pbvaU,Shawn Mendes,Stitches,2015
https://www.youtube.com/watch?v=lY2yjAdbvdQ,Shawn Mendes,Treat You Better,2016
https://www.youtube.com/watch?v=2vjPBrBU-TM,Sia,Chandelier,2014
https://www.youtube.com/watch?v=nYh-n7EOtMA,Sia,Cheap Thrills,2015
https://www.youtube.com/watch?v=YaEG2aWJnZ8,Sia,Unstoppable,2016
https://www.youtube.com/watch?v=NAEppFUWLfc,Simon & Garfunkel,The Sound of Silence,1965
https://www.youtube.com/watch?v=9C1BCAgu2I8,Simon & Garfunkel,Mrs. Robinson,1968
https://www.youtube.com/watch?v=4G-YQA_bsOU,Simon & Garfunkel,Bridge Over Troubled Water,1970
https://www.youtube.com/watch?v=rYKdA8Y3X0Q,Skaldowie,Prześliczna wiolonczelistka,1969
https://www.youtube.com/watch?v=_21HqYAL_Ns,Skaldowie,"Wszystko mi mówi, że mnie ktoś pokochał",1968
https://www.youtube.com/watch?v=v_b2bXaE_0M,Snow Patrol,Chasing Cars (Grey’s Anatomy),2006
https://www.youtube.com/watch?v=AOBs8dU4Pb8,Snow Patrol,Run,2003
https://www.youtube.com/watch?v=SEeTaF7unrc,Snow Patrol,Chasing Cars,2006
https://www.youtube.com/watch?v=3mbBbFH9fAg,Soundgarden,Black Hole Sun,1994
https://www.youtube.com/watch?v=9wfpXI5PKlw,Spice Girls,Spice Up Your Life,1997
https://www.youtube.com/watch?v=u2NLmfSJXAI,Stachursky,Typ niepokorny,2000
https://www.youtube.com/watch?v=FWZNF4F1r7Y,Stanisław Soyka,Tolerancja,1991
https://www.youtube.com/watch?v=EIxsPBbZ_b8,Status Quo,In the Army Now,1986
https://www.youtube.com/watch?v=0CFuCYNx-1g,Stevie Wonder,Superstition,1972
https://www.youtube.com/watch?v=sp6hzycBsTI,Stevie Wonder,You Are the Sunshine of My Life,1972
https://www.youtube.com/watch?v=V4n27JuJhXc,Stevie Wonder,Master Blaster (Jammin’),1980
https://www.youtube.com/watch?v=58RgLQ_0Ars,Stevie Wonder,I Just call to say i love you,1984
https://www.youtube.com/watch?v=d27gTrPPAyk,Sting,Englishman in New York,1987
https://www.youtube.com/watch?v=KLVq0IAzh1A,Sting,Fields of Gold,1993
https://www.youtube.com/watch?v=NlwIDxCjL-8,Sting,Shape of My Heart,1993
https://www.youtube.com/watch?v=gvDKuRP8vRE,Strachy na Lachy,Czarny chleb i czarna kawa,2005
https://www.youtube.com/watch?v=_EdZbopNeS8,Strachy na Lachy,"Dzień dobry, kocham Cię",2005
https://www.youtube.com/watch?v=b4NORbnAWEY,Strachy na Lachy,Twoje oczy lubią mnie,2010
https://www.youtube.com/watch?v=b16vSZMJ13k,Sydney Polak,Otwieram wino,2004
https://www.youtube.com/watch?v=M5UqFj-uk78,Sylwia Grzeszczak,Tamta dziewczyna,2016
https://www.youtube.com/watch?v=87Q5PEjmrCU,Sylwia Grzeszczak,Małe rzeczy,2011
https://www.youtube.com/watch?v=1jqkDDh0v6o,Szpaku,Plaster,2024
https://www.youtube.com/watch?v=0Fnp5tnZkJg,T.Love,King,1992
https://www.youtube.com/watch?v=ySe5z36O8wg,T.Love,Warszawa,1991
https://www.youtube.com/watch?v=tp2F8C6vD7o,T.Love,Wychowanie,1985
https://www.youtube.com/watch?v=n7BkXebANI0,Tadeusz Woźniak,Zegarmistrz światła,1972
https://www.youtube.com/watch?v=DWq6X6Yzhrc,Tadeusz Woźniak,Po środku świata (Plebania),2000
https://www.youtube.com/watch?v=CJ54eImz88w,Talking Heads,Psycho Killer,1977
https://www.youtube.com/watch?v=sBzrzS1Ag_g,Tame Impala,The Less I Know The Better,2015
https://www.youtube.com/watch?v=pFptt7Cargc,Tame Impala,Let It Happen,2015
https://www.youtube.com/watch?v=nfWlot6h_JM,Taylor Swift,Shake It Off,2012
https://www.youtube.com/watch?v=e-ORhEE9VVg,Taylor Swift,Blank Space,2014
https://www.youtube.com/watch?v=b1kbLwvqugk,Taylor Swift,Anti-Hero,2022
https://www.youtube.com/watch?v=QcIy9NiNbmo,Taylor Swift,Bad Blood,2014
https://www.youtube.com/watch?v=aGCdLKXNF3w,Tears for Fears,Everybody Wants to Rule the World,1985
https://www.youtube.com/watch?v=Ye7FKc1JQe4,Tears for Fears,Shout,1984
https://www.youtube.com/watch?v=8of3uhG1tCI,The Andrews Sisters,Boogie Woogie Bugle Boy,1941
https://www.youtube.com/watch?v=YcyiC79l910,The Andrews Sisters,Don't Sit Under the Apple Tree,1978
https://www.youtube.com/watch?v=N4bFqW_eu2I,The Animals,House of the Rising Sun,1964
https://www.youtube.com/watch?v=enlOHxQ0tb4,The Beach Boys,Surfin' USA,1963
https://www.youtube.com/watch?v=CGj85pVzRJs,The Beatles,Let It Be,1970
https://www.youtube.com/watch?v=45cYwDMibGo,The Beatles,Come Together,1969
https://www.youtube.com/watch?v=A_MjCqQoLLA,The Beatles,Hey Jude,1968
https://www.youtube.com/watch?v=NrgmdOz227I,The Beatles,Yesterday,1965
https://www.youtube.com/watch?v=Yjyj8qnqkYI,The Beatles,A Hard Day’s Night,1965
https://www.youtube.com/watch?v=DNXwicxlsvI,The Black Keys,Tighten Up,2010
https://www.youtube.com/watch?v=a_426RiwST8,The Black Keys,Lonely Boy,2011
https://www.youtube.com/watch?v=NI6aOFI7hms,The Cardigans,Lovefool,1996
https://www.youtube.com/watch?v=u9WgtlgGAgs,The Cardigans,My Favourite Game,1998
https://www.youtube.com/watch?v=NpQRsXrduc8,The Carpenters,Close to You,1970
https://www.youtube.com/watch?v=0zGcUoRlhmw,The Chainsmokers,Closer,2016
https://www.youtube.com/watch?v=FM7MFYoylVs,The Chainsmokers,Something Just Like This,2017
https://www.youtube.com/watch?v=EfK-WX2pa8c,The Clash,London Calling,1979
https://www.youtube.com/watch?v=xMaE6toi4mk,The Clash,Should I Stay or Should I Go,1982
https://www.youtube.com/watch?v=HRA3majpFXI,The Coasters,Yakety Yak,1956
https://www.youtube.com/watch?v=6Ejga4kJUts,The Cranberries,Zombie,1994
https://www.youtube.com/watch?v=G6Kspj3OO0s,The Cranberries,Linger,1993
https://www.youtube.com/watch?v=n3nPiBai66M,The Cure,Just Like Heaven,1987
https://www.youtube.com/watch?v=ks_qOI0lzho,The Cure,Lovesong,1989
https://www.youtube.com/watch?v=xik-y0xlpZ0,The Cure,A Forest,1980
https://www.youtube.com/watch?v=mGgMZpGYiy8,The Cure,Friday I’m in Love,1992
https://www.youtube.com/watch?v=scif2vfg1ug,The Cure,In Between Days,1985
https://www.youtube.com/watch?v=qLiZXn1jP1U,The Cure,Boys Don’t Cry,1979
https://www.youtube.com/watch?v=7G2-FPlvY58,The Doors,Riders on the Storm,1971
https://www.youtube.com/watch?v=AgHaGrZkkv4,The Doors,People Are Strange,1967
https://www.youtube.com/watch?v=gdnzBNMfZfo,The Doors,Break On Through,1967
https://www.youtube.com/watch?v=TMiAQPABgHA,The Doors,L.A. Woman,1972
https://www.youtube.com/watch?v=mbj1RFaoyLk,The Doors,Light My Fire,1967
https://www.youtube.com/watch?v=aelpqWEBHR4,The Eagles,Desperado,1973
https://www.youtube.com/watch?v=5igDtWadYms,The Eagles,Take It Easy,1980
https://www.youtube.com/watch?v=LRyrWN-fftE,The Everly Brothers,Bye Bye Love,1958
https://www.youtube.com/watch?v=y2bVIBwpCTA,The Jackson 5,I Want You Back,1969
https://www.youtube.com/watch?v=ho7796-au8U,The Jackson 5,ABC,1969
https://www.youtube.com/watch?v=Y5fBdpreJiU,The Killers,Somebody Told Me,2004
https://www.youtube.com/watch?v=gGdGFtwCNBE,The Killers,Mr. Brightside,2001
https://www.youtube.com/watch?v=ff0oWESdmH0,The Killers,When You Were Young,2006
https://www.youtube.com/watch?v=fTTsY-oz6Go,The Kinks,You Really Got Me,1964
https://www.youtube.com/watch?v=LemG0cvc4oU,The Kinks,Lola,1970
https://www.youtube.com/watch?v=p6xMOTjLIaY,The Moody Blues,Nights in White Satin,1967
https://www.youtube.com/watch?v=GCdwKhTtNNw,The Neighbourhood,Sweater Weather,2012
https://www.youtube.com/watch?v=vfBboBz3yoc,The Platters,Smoke Gets in Your Eyes,1955
https://www.youtube.com/watch?v=OMOGaugKpzs,The Police,Every Breath You Take,1983
https://www.youtube.com/watch?v=3T1c7GkzRQQ,The Police,Roxanne,1978
https://www.youtube.com/watch?v=MbXWrmQW-OE,The Police,Message in a Bottle,1979
https://www.youtube.com/watch?v=syvb2ERpux4,The Police,Wrapped Around Your Finger,1983
https://www.youtube.com/watch?v=7gwO8-oqwFw,The Rasmus,In the Shadows,2003
https://www.youtube.com/watch?v=S8PNXgLhkT0,The Rembrandts,I’ll Be There for You (Friends),1995
https://www.youtube.com/watch?v=O4irXQhgMqg,The Rolling Stones,Paint It Black,1966
https://www.youtube.com/watch?v=RcZn2-bGXqQ,The Rolling Stones,Angie,1973
https://www.youtube.com/watch?v=nrIPxlFzDi0,The Rolling Stones,(I Can't Get No) Satisfaction,1965
https://www.youtube.com/watch?v=4aeETEoNfOg,The Smashing Pumpkins,1979,1996
https://www.youtube.com/watch?v=siO6dkqidc4,The Smiths,There Is a Light That Never Goes Out,1986
https://www.youtube.com/watch?v=cJRP3LRcUFg,The Smiths,This Charming Man,1983
https://www.youtube.com/watch?v=hnpILIIo9ek,The Smiths,How Soon Is Now?,1984
https://www.youtube.com/watch?v=TOypSnKFHrE,The Strokes,Last Nite,2001
https://www.youtube.com/watch?v=knU9gRUWCno,The Strokes,Someday,2001
https://www.youtube.com/watch?v=b8-tXG8KrWs,The Strokes,Reptilia,2003
https://www.youtube.com/watch?v=une981B7Q4Y,The Supremes,Stop! In the Name of Love,1965
https://www.youtube.com/watch?v=y3KJ7d2qBoA,The Temptations,My Girl,1964
https://www.youtube.com/watch?v=1lyu1KKwC74,The Verve,Bitter Sweet Symphony,1997
https://www.youtube.com/watch?v=4NRXx6U8ABQ,The Weeknd,Blinding Lights,2019
https://www.youtube.com/watch?v=34Na4j8AVgA,The Weeknd,Starboy,2016
https://www.youtube.com/watch?v=XXYlFuWEuKI,The Weeknd,Save Your Tears,2020
https://www.youtube.com/watch?v=uPD0QOGTmMI,The Weeknd,Die for You,2016
https://www.youtube.com/watch?v=YQ-qToZUybM,The Weeknd,Die for You (Remix),2016
https://www.youtube.com/watch?v=0J2QdDbelmY,The White Stripes,Seven Nation Army,2003
https://www.youtube.com/watch?v=qN5zw04WxCc,The Who,My Generation,1965
https://www.youtube.com/watch?v=xMV6l2y67rk,The XX,Intro,2009
https://www.youtube.com/watch?v=_nW5AF0m9Zw,The XX,Angels,2012
https://www.youtube.com/watch?v=U5rLz5AZBIA,Timbaland,The Way I Are,2007
https://www.youtube.com/watch?v=GC5E8ie2pdM,Tina Turner,The Best,1989
https://www.youtube.com/watch?v=oGpFcHTxjZs,Tina Turner,What’s Love Got to Do with It,1987
https://www.youtube.com/watch?v=d4QnalIHlVc,Tina Turner,Private Dancer,1984
https://www.youtube.com/watch?v=GC5E8ie2pdM,Tina Turner,Simply the Best,1992
https://www.youtube.com/watch?v=FTQbiNvZqaY,Toto,Africa,1982
https://www.youtube.com/watch?v=htgr3pvBr-I,Toto,Hold the Line,1978
https://www.youtube.com/watch?v=iTEXmal1TjU,TSA,51,1982
https://www.youtube.com/watch?v=6uFftMcu1Xg,TSA,Trzy zapałki,1982
https://www.youtube.com/watch?v=pXRviuL6vMY,Twenty One Pilots,Stressed Out,2015
https://www.youtube.com/watch?v=Pw-0pbY9JeU,Twenty One Pilots,Ride,2015
https://www.youtube.com/watch?v=UprcpdwuwCg,Twenty One Pilots,Heathens,2016
https://www.youtube.com/watch?v=EM4vblG6BVQ,U2,Sunday Bloody Sunday,1983
https://www.youtube.com/watch?v=e3-5YC_oHjE,U2,Still haven't found what I'm looking for,1987
https://www.youtube.com/watch?v=ftjEcrrf7r0,U2,One,1983
https://www.youtube.com/watch?v=LHcP4MWABGY,U2,Pride (In the name of love),1984
https://www.youtube.com/watch?v=XC3ahd6Di3M,U2,Ordinary love,2013
https://www.youtube.com/watch?v=ujNeHIo7oTE,U2,With or Without You,1987
https://www.youtube.com/watch?v=e3-5YC_oHjE,U2,I Still Haven’t Found What I’m Looking For,1987
https://www.youtube.com/watch?v=ujNeHIo7oTE,U2,With or without you,1987
https://www.youtube.com/watch?v=SmJD-yU48wM,Urszula,"Dmuchawce, latawce, wiatr",1983
https://www.youtube.com/watch?v=uJ_1HMAGb4k,Vance Joy,Riptide,2013
https://www.youtube.com/watch?v=ZVF5x-YzUBY,Varius Manx,Orła cień,1996
https://www.youtube.com/watch?v=Xby1imQDs3E,Varius Manx,Pocałuj noc,1995
https://www.youtube.com/watch?v=SCIvOsw0O-M,Wilki,Baśka,2002
https://www.youtube.com/watch?v=FBhwK89YTSs,Video,Środa czwartek,2011
https://www.youtube.com/watch?v=3JWTaaS7LdU,Whitney Houston,I Will Always Love You,1992
https://www.youtube.com/watch?v=IYzlVDlE72w,Whitney Houston,Greatest Love of All,1985
https://www.youtube.com/watch?v=eH3giaIzONA,Whitney Houston,I Wanna Dance with Somebody,1987
https://www.youtube.com/watch?v=IYzlVDlE72w,Whitney Houston,Greatest Love of All,1985
https://www.youtube.com/watch?v=SCIvOsw0O-M,Wilki,Baśka,2000
https://www.youtube.com/watch?v=zYfRF74EeKM,Wojciech Gąssowski,M jak miłość,2000
https://www.youtube.com/watch?v=kxOLNFE3ttA,Wojciech Młynarski,Niedziela na Głównym,1966
https://www.youtube.com/watch?v=CYiGyaJyPMk,Young Leosia,Szklanki,2021
https://www.youtube.com/watch?v=csSefjNCXn0,Zakopower,Boso,2011
https://www.youtube.com/watch?v=rDQHzGpwQNk,Zbigniew Wodecki,Zacznij od Bacha,1994
https://www.youtube.com/watch?v=juhZQu2DiME,Zbigniew Wodecki,Pszczółka Maja,1999
https://www.youtube.com/watch?v=Ziqujo1O7rw,Zdzisława Sośnicka,Aleja gwiazd,1987
https://www.youtube.com/watch?v=Gg9cNGHl-bg,ZZ Top,La Grange,1973
https://www.youtube.com/watch?v=N6E2AEd1UUk,Stare Dobre Małżeństwo,Bieszczadzkie anioły,2000
https://www.youtube.com/watch?v=-puHrh9zW-0,Liroy,Impreza,1999
https://www.youtube.com/watch?v=LbqXzgpNp0Y,Wzgórze Ya-Pa 3,Ja mam to co Ty,1998
https://www.youtube.com/watch?v=zHu9JxKH8Rw,Grammatik,Friko,2000
https://www.youtube.com/watch?v=2LwK8W0f3-E,Eldo,Nie pytaj o Nią,2008
https://www.youtube.com/watch?v=FqHVgPQh9oU,Peja,Głucha Noc,2001
https://www.youtube.com/watch?v=gWCLIFDGbbA,Tede,Drin za drinem,2001
https://www.youtube.com/watch?v=-6VKNC8jgDY,WWO,Damy rade,2002
https://www.youtube.com/watch?v=ZFNw_W1bcoo,Sokół,Jednorożec,2021
https://www.youtube.com/watch?v=BGyhpUX0vpE,Quebonafide,Quebahombre,2017
https://www.youtube.com/watch?v=2O56teHeySE,Fenomen,Ludzie przeciwko ludziom,2003
https://www.youtube.com/watch?v=C3rnmJd8m-I,Grammatik,Każdy ma chwile,2000
https://www.youtube.com/watch?v=M2ApeEx_9e4,DonGuralesko,El Polako,2008
https://www.youtube.com/watch?v=ZLFXeLsyhYs,Małpa,Paznokcie,2009
https://www.youtube.com/watch?v=yGY7a3XKmjw,Kękę,Zrobiłeś to chłopak,2018
https://www.youtube.com/watch?v=C29_VoRrnss,Gedz,Bali,2019
https://www.youtube.com/watch?v=gYMSMDb86bo,Hifi Banda,Mieli Być Tu,2008
https://www.youtube.com/watch?v=7kHsddf-6es,Taconafide feat Bedoes,8 kobiet,2018
https://www.youtube.com/watch?v=U_1JvhG5NcE,Taco Hemingway,Wszystko jedno,2014
https://www.youtube.com/watch?v=AC5jjDHDg28,Oki,Jakie to uczucie?,2022
https://www.youtube.com/watch?v=1lfFF0joUqI,Kuban & Essex,Mała Mi,2015
https://www.youtube.com/watch?v=42Xjdy_gG_o,"KaeN feat. Cheeba, WdoWA",Zbyt Wiele,2014
https://www.youtube.com/watch?v=RjzujFoWxY8,K2 ft. Buka,1 moment,2014
https://www.youtube.com/watch?v=x7BtclKr5Jg,Paluch,Szaman,2016
https://www.youtube.com/watch?v=kJxtuw-P1uU,Otsochodzi,Nie/Nie,2017
https://www.youtube.com/watch?v=Sh012WwYOKo,Sitek,Chcemy być wyżej,2016
https://www.youtube.com/watch?v=m9WausKeEpg,Young Multi,Plecak,2017
https://www.youtube.com/watch?v=jru-cV-nYUw,Grubson ft. Emilia,Naprawimy To,2011
https://www.youtube.com/watch?v=_29dLT6OMTU,Kizo,Disney,2021
https://www.youtube.com/watch?v=pImrABc4s58,Tymek,Język ciała,2019
https://www.youtube.com/watch?v=U2waT9TxPU0,Flo Rida ft. T-Pain,Low,2008
https://www.youtube.com/watch?v=cZETzhCqc2k,Guru Josh Project,Infinity 2008,2008
https://www.youtube.com/watch?v=w15oWDh02K4,Gigi D’Agostino,L’Amour Toujours,1999
https://www.youtube.com/watch?v=ymNFyxvIdaM,Bomfunk mc's,Freestyler,1999
https://www.youtube.com/watch?v=qvv7t8Y0iWk,Jeden Osiem L,Jak zapomnieć?,2003
https://www.youtube.com/watch?v=y6120QOlsfU,Darude,Sandstorm,2000
